policy,speed,hero,minutes,profile_level_median,bond_rank_median,best_floor_median,wins_median,deaths_median,gold_median,spare_copies_median,crashed_median
passive,1,vorathion,10,1,1,2,2,1,236,2,0
passive,1,vorathion,30,1,1,2,2,1,236,2,0
passive,1,vorathion,60,1,1,2,2,1,236,2,0
passive,1,kaelith,10,1,1,1,1,1,216,1,0
passive,1,kaelith,30,1,1,1,1,1,216,1,0
passive,1,kaelith,60,1,1,1,1,1,216,1,0
passive,1,verdraxis,10,1,1,1,1,1,216,1,0
passive,1,verdraxis,30,1,1,1,1,1,216,1,0
passive,1,verdraxis,60,1,1,1,1,1,216,1,0
passive,1,nyxarion,10,1,1,1,1,1,216,1,0
passive,1,nyxarion,30,1,1,1,1,1,216,1,0
passive,1,nyxarion,60,1,1,1,1,1,216,1,0
passive,1,aurion,10,1,1,1,1,1,216,1,0
passive,1,aurion,30,1,1,1,1,1,216,1,0
passive,1,aurion,60,1,1,1,1,1,216,1,0
passive,1,umbraxis,10,1,1,1,1,1,216,1,0
passive,1,umbraxis,30,1,1,1,1,1,216,1,0
passive,1,umbraxis,60,1,1,1,1,1,216,1,0
caretaker,1,vorathion,10,18,10,14,122,13,5196,97,0
caretaker,1,vorathion,30,35,10,24,367,27,25880,349,0
caretaker,1,vorathion,60,47,10,44,509,32,44952,498,1
caretaker,1,kaelith,10,15,10,9,104,14,4520,77,0
caretaker,1,kaelith,30,28,10,9,348,39,13900,328,0
caretaker,1,kaelith,60,44,10,19,703,68,36132,752,0
caretaker,1,verdraxis,10,14,10,14,80,9,5120,52,0
caretaker,1,verdraxis,30,30,10,34,237,15,21136,213,0
caretaker,1,verdraxis,60,46,10,44,410,22,40244,391,1
caretaker,1,nyxarion,10,16,10,9,112,15,5500,86,0
caretaker,1,nyxarion,30,29,10,14,349,38,16760,328,0
caretaker,1,nyxarion,60,47,10,24,717,60,42816,759,0
caretaker,1,aurion,10,13,10,9,88,15,4120,61,0
caretaker,1,aurion,30,26,10,9,289,37,12616,267,0
caretaker,1,aurion,60,38,10,14,585,68,28532,586,0
caretaker,1,umbraxis,10,17,10,9,117,14,5680,91,0
caretaker,1,umbraxis,30,32,10,19,348,30,22072,327,0
caretaker,1,umbraxis,60,49,10,39,647,43,46520,667,0
caretaker,15,vorathion,10,27,10,19,236,21,14680,215,0
caretaker,15,vorathion,30,47,10,44,509,32,44784,498,1
caretaker,15,vorathion,60,47,10,44,509,32,44952,498,1
caretaker,15,kaelith,10,23,10,9,229,28,9348,206,0
caretaker,15,kaelith,30,45,10,19,708,68,36828,752,0
caretaker,15,kaelith,60,72,10,29,1449,107,99064,1723,0
caretaker,15,verdraxis,10,29,10,30,212,14,18012,189,0
caretaker,15,verdraxis,30,47,10,44,410,22,44692,391,1
caretaker,15,verdraxis,60,47,10,44,410,22,44692,391,1
caretaker,15,nyxarion,10,23,10,9,232,27,10468,209,0
caretaker,15,nyxarion,30,47,10,24,715,61,42684,757,0
caretaker,15,nyxarion,60,71,10,44,1393,77,99072,1646,1
caretaker,15,aurion,10,22,10,9,218,29,9440,193,0
caretaker,15,aurion,30,41,10,14,677,75,31644,707,0
caretaker,15,aurion,60,65,10,19,1374,120,82404,1621,0
caretaker,15,umbraxis,10,25,10,14,234,23,11940,213,0
caretaker,15,umbraxis,30,50,10,44,647,43,54960,667,1
caretaker,15,umbraxis,60,54,10,44,647,48,60944,667,1
